{
    "openapi": "3.0.0",
    "info": {
        "title": "Transparência API",
        "version": "0.1"
    },
    "servers": [
        {
            "url": "http://localhost/api"
        }
    ],
    "paths": {
        "/api/apartamentos": {
            "get": {
                "tags": [
                    "/apartamentos"
                ],
                "summary": "listar apartamentos",
                "operationId": "1e81be544e5f3029325871c31d5e885b",
                "responses": {
                    "200": {
                        "description": "sucesso"
                    },
                    "500": {
                        "description": "Erro no servidor"
                    }
                },
                "security": [
                    {
                        "bearerAuth": []
                    }
                ]
            }
        },
        "/api/apartamentos/predio/{predio}": {
            "put": {
                "tags": [
                    "/apartamentos"
                ],
                "summary": "Registrar uma apartamento",
                "operationId": "0090590d5c010e12aab33c759fc1ad6c",
                "parameters": [
                    {
                        "name": "predio",
                        "in": "path",
                        "description": "id do apartamento",
                        "required": false,
                        "schema": {
                            "type": "int"
                        }
                    }
                ],
                "requestBody": {
                    "required": true,
                    "content": {
                        "application/json": {
                            "schema": {
                                "properties": {
                                    "c_portapart": {
                                        "description": "porta do apartamento",
                                        "type": "string"
                                    },
                                    "c_tipoapart": {
                                        "description": "tipo do apartamento",
                                        "type": "string"
                                    },
                                    "n_nandapart": {
                                        "description": "andar do apartamento",
                                        "type": "integer"
                                    }
                                },
                                "type": "object"
                            }
                        }
                    }
                },
                "responses": {
                    "201": {
                        "description": "apartamento cadastrado com sucesso"
                    },
                    "412": {
                        "description": "Erro ao validar os dados"
                    },
                    "404": {
                        "description": "apartamento não encontrado"
                    },
                    "500": {
                        "description": "Erro no servidor"
                    }
                },
                "security": [
                    {
                        "bearerAuth": []
                    }
                ]
            },
            "post": {
                "tags": [
                    "/apartamentos"
                ],
                "summary": "Registrar uma apartamento",
                "operationId": "cf86f8bf0a837cd65dcea7d27bc7a332",
                "parameters": [
                    {
                        "name": "predio",
                        "in": "path",
                        "description": "id do apartamento",
                        "required": false,
                        "schema": {
                            "type": "int"
                        }
                    }
                ],
                "requestBody": {
                    "required": true,
                    "content": {
                        "application/json": {
                            "schema": {
                                "properties": {
                                    "c_portapart": {
                                        "description": "porta do apartamento",
                                        "type": "string"
                                    },
                                    "c_tipoapart": {
                                        "description": "tipo do apartamento",
                                        "type": "string"
                                    },
                                    "n_nandapart": {
                                        "description": "andar do apartamento",
                                        "type": "integer"
                                    }
                                },
                                "type": "object"
                            }
                        }
                    }
                },
                "responses": {
                    "201": {
                        "description": "apartamento cadastrado com sucesso"
                    },
                    "412": {
                        "description": "Erro ao validar os dados"
                    },
                    "404": {
                        "description": "apartamento não encontrado"
                    },
                    "500": {
                        "description": "Erro no servidor"
                    }
                },
                "security": [
                    {
                        "bearerAuth": []
                    }
                ]
            }
        },
        "/api/apartamentos/{apartamento}": {
            "get": {
                "tags": [
                    "/apartamentos"
                ],
                "summary": "mostrar apartamento",
                "operationId": "67068de37b8f328852193eeddeda83e9",
                "parameters": [
                    {
                        "name": "apartamento",
                        "in": "path",
                        "description": "id do apartamento",
                        "required": false,
                        "schema": {
                            "type": "int"
                        }
                    }
                ],
                "responses": {
                    "200": {
                        "description": "sucesso"
                    },
                    "404": {
                        "description": "apartamento não encontrado"
                    },
                    "500": {
                        "description": "Erro no servidor"
                    }
                },
                "security": [
                    {
                        "bearerAuth": []
                    }
                ]
            },
            "delete": {
                "tags": [
                    "/apartamentos"
                ],
                "summary": "apagar um apartamento",
                "operationId": "7d7c8e6b0e5ba49ea372cd4053973243",
                "parameters": [
                    {
                        "name": "apartamento",
                        "in": "path",
                        "description": "id do apartamento",
                        "required": false,
                        "schema": {
                            "type": "int"
                        }
                    }
                ],
                "responses": {
                    "200": {
                        "description": "morador deletado com sucesso!"
                    },
                    "404": {
                        "description": "apartamento não encontrada"
                    },
                    "405": {
                        "description": "apartamento com morador, não deletado"
                    },
                    "500": {
                        "description": "Erro no servidor"
                    }
                },
                "security": [
                    {
                        "bearerAuth": []
                    }
                ]
            }
        },
        "/api/bancos": {
            "get": {
                "tags": [
                    "/bancos"
                ],
                "summary": "listar bancos",
                "operationId": "6c311a3cbbb7d5854a7c72e8795a6a23",
                "responses": {
                    "200": {
                        "description": "sucesso"
                    },
                    "500": {
                        "description": "Erro no servidor"
                    }
                },
                "security": [
                    {
                        "bearerAuth": []
                    }
                ]
            },
            "post": {
                "tags": [
                    "/bancos"
                ],
                "summary": "Cadastrar bancos",
                "description": "cadastrar bancos normalmente pertence a um coordenador",
                "operationId": "0d9e58e58208b73922b8638b4201361e",
                "requestBody": {
                    "required": true,
                    "content": {
                        "application/json": {
                            "schema": {
                                "properties": {
                                    "c_entibanco": {
                                        "description": "entidade bancária a simular",
                                        "type": "string",
                                        "default": "BAI"
                                    },
                                    "n_codicoord": {
                                        "description": "id do coordenador",
                                        "type": "integer"
                                    },
                                    "n_codientid": {
                                        "description": "id da entidade proprietario do banco se não for um coordenador",
                                        "type": "integer",
                                        "default": null
                                    },
                                    "c_nomeentid": {
                                        "description": "nome da entidade proprietario do banco se não for um coordenador",
                                        "type": "string",
                                        "default": null
                                    }
                                },
                                "type": "object"
                            }
                        }
                    }
                },
                "responses": {
                    "201": {
                        "description": "Banco cadastrado com sucesso"
                    },
                    "412": {
                        "description": "Erro ao validar os dados"
                    },
                    "500": {
                        "description": "Validation errors"
                    }
                },
                "security": [
                    {
                        "bearerAuth": []
                    }
                ]
            }
        },
        "/api/bancos/{banco}": {
            "get": {
                "tags": [
                    "/bancos"
                ],
                "summary": "mostrar um banco",
                "operationId": "a58bc95718888f8280e96eb51a4dd974",
                "parameters": [
                    {
                        "name": "banco",
                        "in": "path",
                        "description": "id do banco",
                        "required": false,
                        "schema": {
                            "type": "int"
                        }
                    }
                ],
                "responses": {
                    "200": {
                        "description": "sucesso"
                    },
                    "404": {
                        "description": "banco não encontrado"
                    },
                    "500": {
                        "description": "Erro no servidor"
                    }
                },
                "security": [
                    {
                        "bearerAuth": []
                    }
                ]
            },
            "delete": {
                "tags": [
                    "/bancos"
                ],
                "summary": "apagar um banco",
                "operationId": "b717c5d932a544cd55374dee3164651d",
                "parameters": [
                    {
                        "name": "banco",
                        "in": "path",
                        "description": "id do bancos",
                        "required": false,
                        "schema": {
                            "type": "int"
                        }
                    }
                ],
                "responses": {
                    "200": {
                        "description": "banco deletado com sucesso!"
                    },
                    "404": {
                        "description": "banco não encontrado"
                    },
                    "500": {
                        "description": "Erro no servidor"
                    }
                },
                "security": [
                    {
                        "bearerAuth": []
                    }
                ]
            }
        },
        "/api/blocos": {
            "get": {
                "tags": [
                    "/blocos"
                ],
                "summary": "listar blocos",
                "operationId": "b7e8c77ab80118075b10ac8f66d89b9b",
                "responses": {
                    "200": {
                        "description": "sucesso"
                    },
                    "500": {
                        "description": "Erro no servidor"
                    }
                },
                "security": [
                    {
                        "bearerAuth": []
                    }
                ]
            }
        },
        "/api/blocos/centralidade/{centralidade}": {
            "post": {
                "tags": [
                    "/blocos"
                ],
                "summary": "Cadastrar um bloco numa centralidade",
                "operationId": "b8ef5a9a432325f903c6877bf37e9287",
                "parameters": [
                    {
                        "name": "centralidade",
                        "in": "path",
                        "description": "id da centralidade",
                        "required": false,
                        "schema": {
                            "type": "int"
                        }
                    }
                ],
                "requestBody": {
                    "required": true,
                    "content": {
                        "application/json": {
                            "schema": {
                                "properties": {
                                    "c_descbloco": {
                                        "description": "denominação do bloco",
                                        "type": "string"
                                    },
                                    "c_ruabloco": {
                                        "description": "ruas que delimitam o bloco",
                                        "type": "string"
                                    }
                                },
                                "type": "object"
                            }
                        }
                    }
                },
                "responses": {
                    "201": {
                        "description": "bloco cadastrado com sucesso"
                    },
                    "412": {
                        "description": "Erro ao validar os dados"
                    },
                    "500": {
                        "description": "Erro no servidor"
                    }
                },
                "security": [
                    {
                        "bearerAuth": []
                    }
                ]
            }
        },
        "/api/blocos/{bloco}": {
            "get": {
                "tags": [
                    "/blocos"
                ],
                "summary": "mostrar um bloco",
                "operationId": "c94deb4f7e6bf0a0f3476a6ce76e1279",
                "parameters": [
                    {
                        "name": "bloco",
                        "in": "path",
                        "description": "id do bloco",
                        "required": false,
                        "schema": {
                            "type": "int"
                        }
                    }
                ],
                "responses": {
                    "200": {
                        "description": "sucesso"
                    },
                    "404": {
                        "description": "blocos não encontrado"
                    },
                    "500": {
                        "description": "Erro no servidor"
                    }
                },
                "security": [
                    {
                        "bearerAuth": []
                    }
                ]
            },
            "put": {
                "tags": [
                    "/blocos"
                ],
                "summary": "Atualizar um bloco de uma centralidade",
                "operationId": "f948c9b3d404a04d4038063308055155",
                "parameters": [
                    {
                        "name": "bloco",
                        "in": "path",
                        "description": "id do bloco",
                        "required": false,
                        "schema": {
                            "type": "int"
                        }
                    }
                ],
                "requestBody": {
                    "required": true,
                    "content": {
                        "application/json": {
                            "schema": {
                                "properties": {
                                    "c_descbloco": {
                                        "description": "denominação do bloco",
                                        "type": "string"
                                    },
                                    "c_ruabloco": {
                                        "description": "ruas que delimitam o bloco",
                                        "type": "string"
                                    }
                                },
                                "type": "object"
                            }
                        }
                    }
                },
                "responses": {
                    "201": {
                        "description": "bloco cadastrado com sucesso"
                    },
                    "412": {
                        "description": "Erro ao validar os dados"
                    },
                    "500": {
                        "description": "Erro no servidor"
                    }
                },
                "security": [
                    {
                        "bearerAuth": []
                    }
                ]
            },
            "delete": {
                "tags": [
                    "/blocos"
                ],
                "summary": "apagar um bloco",
                "operationId": "6c4f25766d9ed485f22b32b2e7b7f7dd",
                "parameters": [
                    {
                        "name": "bloco",
                        "in": "path",
                        "description": "id do bloco",
                        "required": false,
                        "schema": {
                            "type": "int"
                        }
                    }
                ],
                "responses": {
                    "200": {
                        "description": "bloco deletado com sucesso!"
                    },
                    "404": {
                        "description": "bloco não encontrado"
                    },
                    "500": {
                        "description": "Erro no servidor"
                    }
                },
                "security": [
                    {
                        "bearerAuth": []
                    }
                ]
            }
        },
        "/api/caixas/{caixa}": {
            "get": {
                "tags": [
                    "/caixas"
                ],
                "summary": "mostrar um Taxa",
                "operationId": "8d1244c6fb474a7317824818c5158a64",
                "parameters": [
                    {
                        "name": "caixa",
                        "in": "path",
                        "description": "id do caixa",
                        "required": false,
                        "schema": {
                            "type": "int"
                        }
                    }
                ],
                "responses": {
                    "200": {
                        "description": "sucesso"
                    },
                    "404": {
                        "description": "caixa não encontrado"
                    },
                    "500": {
                        "description": "Erro no servidor"
                    }
                },
                "security": [
                    {
                        "bearerAuth": []
                    }
                ]
            }
        },
        "/api/centralidades": {
            "get": {
                "tags": [
                    "/centralidades"
                ],
                "summary": "listar centralidades",
                "operationId": "8d0f6a0384d9be39463d1f05c49a8e3e",
                "responses": {
                    "200": {
                        "description": "successfully"
                    },
                    "500": {
                        "description": "Erro no servidor"
                    }
                },
                "security": [
                    {
                        "bearerAuth": []
                    }
                ]
            },
            "put": {
                "tags": [
                    "/centralidades"
                ],
                "summary": "Atualizar um objecto no banco de dado",
                "description": "atualizar os dados de uma centralidade",
                "operationId": "1a99be9436bb2c66feac6da0c74c38c0",
                "requestBody": {
                    "required": true,
                    "content": {
                        "application/json": {
                            "schema": {
                                "properties": {
                                    "c_desccentr": {
                                        "description": "denominação da centralidade",
                                        "type": "string",
                                        "default": "Centralidade B"
                                    },
                                    "n_codiender": {
                                        "description": "id do endereço da centralidade",
                                        "type": "integer"
                                    }
                                },
                                "type": "object"
                            }
                        }
                    }
                },
                "responses": {
                    "201": {
                        "description": "Centralidade atualizada com sucesso"
                    },
                    "412": {
                        "description": "Erro ao validar os dados"
                    },
                    "500": {
                        "description": "Erro no servidor"
                    }
                },
                "security": [
                    {
                        "bearerAuth": []
                    }
                ]
            },
            "post": {
                "tags": [
                    "/centralidades"
                ],
                "summary": "Cadastrar centralidade",
                "operationId": "cab68104f1aaa297c8e58b2a0e6ad490",
                "requestBody": {
                    "required": true,
                    "content": {
                        "application/json": {
                            "schema": {
                                "properties": {
                                    "c_desccentr": {
                                        "description": "denominação da centralidade",
                                        "type": "string",
                                        "default": "Centralidade B"
                                    },
                                    "n_codiender": {
                                        "description": "id do endereço da centralidade",
                                        "type": "integer"
                                    }
                                },
                                "type": "object"
                            }
                        }
                    }
                },
                "responses": {
                    "201": {
                        "description": "Centralidade cadastrada successfully"
                    },
                    "412": {
                        "description": "Erro ao validar os dados"
                    },
                    "500": {
                        "description": "Validation errors"
                    }
                },
                "security": [
                    {
                        "bearerAuth": []
                    }
                ]
            }
        },
        "/api/centralidades/{centralidade}": {
            "get": {
                "tags": [
                    "/centralidades"
                ],
                "summary": "mostrar uma centralidade",
                "operationId": "9d497f642f0267c5de587ee22d1c43af",
                "parameters": [
                    {
                        "name": "centralidade",
                        "in": "path",
                        "description": "id da centralidade",
                        "required": false,
                        "schema": {
                            "type": "int"
                        }
                    }
                ],
                "responses": {
                    "200": {
                        "description": "sucesso"
                    },
                    "404": {
                        "description": "centralidade não encontrada"
                    },
                    "500": {
                        "description": "Erro no servidor"
                    }
                },
                "security": [
                    {
                        "bearerAuth": []
                    }
                ]
            },
            "delete": {
                "tags": [
                    "/centralidades"
                ],
                "summary": "apagar uma centralidade",
                "operationId": "467fb91439e1b561b8851854a135a7ed",
                "parameters": [
                    {
                        "name": "centralidade",
                        "in": "path",
                        "description": "id da centralidade",
                        "required": false,
                        "schema": {
                            "type": "int"
                        }
                    }
                ],
                "responses": {
                    "200": {
                        "description": "centralidade deletada com sucesso!"
                    },
                    "404": {
                        "description": "centralidade não encontrada"
                    },
                    "500": {
                        "description": "Erro no servidor"
                    }
                },
                "security": [
                    {
                        "bearerAuth": []
                    }
                ]
            }
        },
        "/api/coordenadores": {
            "get": {
                "tags": [
                    "/coordenadores"
                ],
                "summary": "listar coordenadores",
                "operationId": "af6617ec01d5e78abce76c060c0a1c96",
                "responses": {
                    "200": {
                        "description": "sucesso"
                    },
                    "500": {
                        "description": "Erro no servidor"
                    }
                },
                "security": [
                    {
                        "bearerAuth": []
                    }
                ]
            }
        },
        "/api/despesas": {
            "get": {
                "tags": [
                    "/despesas"
                ],
                "summary": "listar despesas",
                "operationId": "ac8e14d119350f34662d57c5912ccca0",
                "responses": {
                    "200": {
                        "description": "sucesso"
                    },
                    "500": {
                        "description": "Erro no servidor"
                    }
                },
                "security": [
                    {
                        "bearerAuth": []
                    }
                ]
            },
            "post": {
                "tags": [
                    "/despesas"
                ],
                "summary": "Registrar uma despesa",
                "operationId": "04942cfc96912eb8a8639b8e8aa7defa",
                "requestBody": {
                    "required": true,
                    "content": {
                        "application/json": {
                            "schema": {
                                "properties": {
                                    "c_objedespe": {
                                        "description": "objectivo da despesa",
                                        "type": "string"
                                    },
                                    "n_codicoord": {
                                        "description": "id do coordenador que criou a despesa",
                                        "type": "integer"
                                    },
                                    "n_valodespe": {
                                        "description": "valores da deespesa",
                                        "type": "number",
                                        "format": "float"
                                    },
                                    "c_fontdespe": {
                                        "description": "fonte dos valores",
                                        "type": "integer",
                                        "default": "caixa"
                                    },
                                    "d_dasadespe": {
                                        "description": "data do saque dos valores",
                                        "type": "string",
                                        "format": "date"
                                    }
                                },
                                "type": "object"
                            }
                        }
                    }
                },
                "responses": {
                    "201": {
                        "description": "despesa cadastrado com sucesso"
                    },
                    "412": {
                        "description": "Erro ao validar os dados"
                    },
                    "500": {
                        "description": "Erro no servidor"
                    }
                },
                "security": [
                    {
                        "bearerAuth": []
                    }
                ]
            }
        },
        "/api/despesas/coord/{idCoordPredio}": {
            "get": {
                "tags": [
                    "/despesas"
                ],
                "summary": "mostrar um despesa",
                "operationId": "f3e17e718fb9f3162e107a97e54e425c",
                "parameters": [
                    {
                        "name": "idCoordPredio",
                        "in": "path",
                        "description": "id do coordenador do predio",
                        "required": false,
                        "schema": {
                            "type": "int"
                        }
                    }
                ],
                "responses": {
                    "200": {
                        "description": "sucesso"
                    },
                    "404": {
                        "description": "despesas não encontrada"
                    },
                    "500": {
                        "description": "Erro no servidor"
                    }
                },
                "security": [
                    {
                        "bearerAuth": []
                    }
                ]
            }
        },
        "/api/despesas/{despesa}": {
            "get": {
                "tags": [
                    "/despesas"
                ],
                "summary": "mostrar um despesa",
                "operationId": "e98b11fc5ff3dca2fa35ee8db499c7c2",
                "parameters": [
                    {
                        "name": "despesa",
                        "in": "path",
                        "description": "id do despesa",
                        "required": false,
                        "schema": {
                            "type": "int"
                        }
                    }
                ],
                "responses": {
                    "200": {
                        "description": "sucesso"
                    },
                    "404": {
                        "description": "despesa não encontrada"
                    },
                    "500": {
                        "description": "Erro no servidor"
                    }
                },
                "security": [
                    {
                        "bearerAuth": []
                    }
                ]
            },
            "delete": {
                "tags": [
                    "/despesas"
                ],
                "summary": "apagar uma despesas",
                "operationId": "f6980c1fb7b2523814b8b0e5be5a61da",
                "parameters": [
                    {
                        "name": "despesa",
                        "in": "path",
                        "description": "id do despesa",
                        "required": false,
                        "schema": {
                            "type": "int"
                        }
                    }
                ],
                "responses": {
                    "200": {
                        "description": "despesa deletada com sucesso!"
                    },
                    "404": {
                        "description": "despesas não encontrada"
                    },
                    "500": {
                        "description": "Erro no servidor"
                    }
                },
                "security": [
                    {
                        "bearerAuth": []
                    }
                ]
            }
        },
        "/api/dividas": {
            "get": {
                "tags": [
                    "/dividas"
                ],
                "summary": "listar dividas",
                "operationId": "a96c0f55b32afd91945f1d7aa29962e1",
                "responses": {
                    "200": {
                        "description": "sucesso"
                    },
                    "500": {
                        "description": "Erro no servidor"
                    }
                },
                "security": [
                    {
                        "bearerAuth": []
                    }
                ]
            }
        },
        "/api/dividas/apartamento/{apartamento}": {
            "get": {
                "tags": [
                    "/dividas"
                ],
                "summary": "mostrar divida do apartamento",
                "operationId": "00ac21dfd51489764236edc7a65f85d5",
                "parameters": [
                    {
                        "name": "apartamento",
                        "in": "path",
                        "description": "id do apartamento",
                        "required": false,
                        "schema": {
                            "type": "int"
                        }
                    }
                ],
                "responses": {
                    "200": {
                        "description": "sucesso"
                    },
                    "404": {
                        "description": "apartamento não encontrado"
                    },
                    "500": {
                        "description": "Erro no servidor"
                    }
                },
                "security": [
                    {
                        "bearerAuth": []
                    }
                ]
            }
        },
        "/api/dividas/{divida}": {
            "get": {
                "tags": [
                    "/dividas"
                ],
                "summary": "mostrar divida",
                "operationId": "15c81bb3c492131338f7ef11e2461a0e",
                "parameters": [
                    {
                        "name": "divida",
                        "in": "path",
                        "description": "id do divida",
                        "required": false,
                        "schema": {
                            "type": "int"
                        }
                    }
                ],
                "responses": {
                    "200": {
                        "description": "sucesso"
                    },
                    "404": {
                        "description": "divida não encontrada"
                    },
                    "500": {
                        "description": "Erro no servidor"
                    }
                },
                "security": [
                    {
                        "bearerAuth": []
                    }
                ]
            }
        },
        "/api/enderecos/{endereco}": {
            "get": {
                "tags": [
                    "/enderecos"
                ],
                "summary": "mostrar um endereco",
                "operationId": "93fbab4aefa7cd37e616b72ac880b345",
                "parameters": [
                    {
                        "name": "endereco",
                        "in": "path",
                        "description": "id do endereco",
                        "required": false,
                        "schema": {
                            "type": "int"
                        }
                    }
                ],
                "responses": {
                    "200": {
                        "description": "sucesso"
                    },
                    "404": {
                        "description": "endereco não encontrado"
                    },
                    "500": {
                        "description": "Erro no servidor"
                    }
                },
                "security": [
                    {
                        "bearerAuth": []
                    }
                ]
            }
        },
        "/api/moradores": {
            "get": {
                "tags": [
                    "/moradores"
                ],
                "summary": "listar moradores",
                "operationId": "5457059570b079039b1ca9383632ca8c",
                "responses": {
                    "200": {
                        "description": "sucesso"
                    },
                    "500": {
                        "description": "Erro no servidor"
                    }
                },
                "security": [
                    {
                        "bearerAuth": []
                    }
                ]
            },
            "post": {
                "tags": [
                    "/moradores"
                ],
                "summary": "Registrar morador",
                "operationId": "9275386b64af6f8d0a34de8f8facbe11",
                "requestBody": {
                    "required": true,
                    "content": {
                        "application/json": {
                            "schema": {
                                "properties": {
                                    "c_nomemorad": {
                                        "description": "nome do morador",
                                        "type": "string"
                                    },
                                    "c_apelmorad": {
                                        "description": "ultimo nome do morador",
                                        "type": "string"
                                    },
                                    "n_codiapart": {
                                        "description": "id do apartamento a vincular com o morador",
                                        "type": "integer"
                                    },
                                    "c_bilhmorad": {
                                        "description": "bilhete de identidade do morador",
                                        "type": "string"
                                    }
                                },
                                "type": "object"
                            }
                        }
                    }
                },
                "responses": {
                    "201": {
                        "description": "morador cadastrado com sucesso"
                    },
                    "412": {
                        "description": "Erro ao validar os dados"
                    },
                    "404": {
                        "description": "apartamento não encontrado"
                    },
                    "405": {
                        "description": "apartamento oucupado"
                    },
                    "500": {
                        "description": "Erro no servidor"
                    }
                },
                "security": [
                    {
                        "bearerAuth": []
                    }
                ]
            }
        },
        "/api/moradores/{morador}": {
            "get": {
                "tags": [
                    "/moradores"
                ],
                "summary": "mostrar morador",
                "operationId": "f575cc64868540686ddc792c21e58081",
                "parameters": [
                    {
                        "name": "morador",
                        "in": "path",
                        "description": "id do morador",
                        "required": false,
                        "schema": {
                            "type": "int"
                        }
                    }
                ],
                "responses": {
                    "200": {
                        "description": "sucesso"
                    },
                    "404": {
                        "description": "morador não encontrado"
                    },
                    "500": {
                        "description": "Erro no servidor"
                    }
                },
                "security": [
                    {
                        "bearerAuth": []
                    }
                ]
            },
            "put": {
                "tags": [
                    "/moradores"
                ],
                "summary": "atualizar morador",
                "operationId": "327bd42492494a0ed1a92c2747835e63",
                "parameters": [
                    {
                        "name": "morador",
                        "in": "path",
                        "description": "id do morador",
                        "required": false,
                        "schema": {
                            "type": "int"
                        }
                    }
                ],
                "requestBody": {
                    "required": true,
                    "content": {
                        "application/json": {
                            "schema": {
                                "properties": {
                                    "c_nomemorad": {
                                        "description": "nome do morador",
                                        "type": "string"
                                    },
                                    "c_apelmorad": {
                                        "description": "ultimo",
                                        "type": "string"
                                    },
                                    "n_codiapart": {
                                        "description": "id do apartamento a vincular com o morador",
                                        "type": "integer"
                                    },
                                    "c_bilhmorad": {
                                        "description": "BI",
                                        "type": "string"
                                    }
                                },
                                "type": "object"
                            }
                        }
                    }
                },
                "responses": {
                    "201": {
                        "description": "morador atualizado com sucesso"
                    },
                    "412": {
                        "description": "Erro ao validar os dados"
                    },
                    "404": {
                        "description": "morador não encontrado"
                    },
                    "500": {
                        "description": "Erro no servidor"
                    }
                },
                "security": [
                    {
                        "bearerAuth": []
                    }
                ]
            },
            "delete": {
                "tags": [
                    "/moradores"
                ],
                "summary": "apagar um morador",
                "operationId": "395380c4da06ba839c3c85a52c8f4e31",
                "parameters": [
                    {
                        "name": "morador",
                        "in": "path",
                        "description": "id do morador",
                        "required": false,
                        "schema": {
                            "type": "int"
                        }
                    }
                ],
                "responses": {
                    "200": {
                        "description": "morador deletado com sucesso!"
                    },
                    "404": {
                        "description": "morador não encontrada"
                    },
                    "405": {
                        "description": "apartamento do morador não encontrado"
                    },
                    "500": {
                        "description": "Erro no servidor"
                    }
                },
                "security": [
                    {
                        "bearerAuth": []
                    }
                ]
            }
        },
        "/api/pagamentos": {
            "get": {
                "tags": [
                    "/pagamentos"
                ],
                "summary": "listar pagamentos",
                "operationId": "9898b00bd3bd21e19dd7bfb612da29ae",
                "responses": {
                    "200": {
                        "description": "sucesso"
                    },
                    "500": {
                        "description": "Erro no servidor"
                    }
                },
                "security": [
                    {
                        "bearerAuth": []
                    }
                ]
            },
            "post": {
                "tags": [
                    "/pagamentos"
                ],
                "summary": "registrar pagamento",
                "operationId": "d3a1c31d0529fe134c3ee40ddaaddab8",
                "requestBody": {
                    "required": true,
                    "content": {
                        "application/json": {
                            "schema": {
                                "required": [
                                    "n_valopagam",
                                    "c_descpagam",
                                    "c_formpagam",
                                    "d_datapagam",
                                    "n_codiapart",
                                    "n_codidivid"
                                ],
                                "properties": {
                                    "n_valopagam": {
                                        "description": "valor do pagamento",
                                        "type": "string"
                                    },
                                    "c_descpagam": {
                                        "description": "descrição do pagamento",
                                        "type": "number",
                                        "format": "float"
                                    },
                                    "c_formpagam": {
                                        "description": "forma de pagamento",
                                        "type": "integer"
                                    },
                                    "d_datapagam": {
                                        "description": "data de pagamento",
                                        "type": "number",
                                        "format": "float"
                                    },
                                    "n_codidivid": {
                                        "description": "id divida",
                                        "type": "string",
                                        "format": "date"
                                    },
                                    "n_codiapart": {
                                        "description": "id apartamento",
                                        "type": "string"
                                    }
                                },
                                "type": "object"
                            }
                        }
                    }
                },
                "responses": {
                    "201": {
                        "description": "pagamento registrado com sucesso"
                    },
                    "412": {
                        "description": "Erro ao validar os dados"
                    },
                    "404": {
                        "description": "Morador não encontrado"
                    },
                    "500": {
                        "description": "Erro no servidor"
                    }
                },
                "security": [
                    {
                        "bearerAuth": []
                    }
                ]
            }
        },
        "/api/pagamentos/{pagamento}": {
            "get": {
                "tags": [
                    "/pagamentos"
                ],
                "summary": "mostrar pagamento",
                "operationId": "3111da2393f2f157e38767de05eaef49",
                "parameters": [
                    {
                        "name": "pagamento",
                        "in": "path",
                        "description": "id do pagamento",
                        "required": false,
                        "schema": {
                            "type": "int"
                        }
                    }
                ],
                "responses": {
                    "200": {
                        "description": "sucesso"
                    },
                    "404": {
                        "description": "pagamento não encontrado"
                    },
                    "500": {
                        "description": "Erro no servidor"
                    }
                },
                "security": [
                    {
                        "bearerAuth": []
                    }
                ]
            },
            "delete": {
                "tags": [
                    "/pagamentos"
                ],
                "summary": "deletar pagamento",
                "operationId": "b3a266945e8212ccbd66dcc064dfb6b1",
                "parameters": [
                    {
                        "name": "pagamento",
                        "in": "path",
                        "description": "id da pagamento",
                        "required": false,
                        "schema": {
                            "type": "int"
                        }
                    }
                ],
                "responses": {
                    "200": {
                        "description": "pagamento deletado com sucesso!"
                    },
                    "404": {
                        "description": "pagamento não encontrado"
                    },
                    "500": {
                        "description": "Erro no servidor"
                    }
                },
                "security": [
                    {
                        "bearerAuth": []
                    }
                ]
            }
        },
        "/api/predios": {
            "get": {
                "tags": [
                    "/predios"
                ],
                "summary": "listar predios",
                "operationId": "456fe57437d1670dc58d8b8a79b12d8c",
                "responses": {
                    "200": {
                        "description": "sucesso"
                    },
                    "500": {
                        "description": "Erro no servidor"
                    }
                },
                "security": [
                    {
                        "bearerAuth": []
                    }
                ]
            }
        },
        "/api/predios/bloco/{bloco}": {
            "post": {
                "tags": [
                    "/predios"
                ],
                "summary": "Cadastrar um predios numa bloco",
                "operationId": "3e2cbe2ec69551301de9021052b49a81",
                "parameters": [
                    {
                        "name": "bloco",
                        "in": "path",
                        "description": "id da bloco",
                        "required": false,
                        "schema": {
                            "type": "int"
                        }
                    }
                ],
                "requestBody": {
                    "required": true,
                    "content": {
                        "application/json": {
                            "schema": {
                                "properties": {
                                    "c_descpredi": {
                                        "description": "denominação do Prédio",
                                        "type": "string"
                                    },
                                    "c_entrpredi": {
                                        "description": "Entrada do prédio",
                                        "type": "string"
                                    },
                                    "n_codicoord": {
                                        "description": "id do Coordenador do prédio",
                                        "type": "integer"
                                    }
                                },
                                "type": "object"
                            }
                        }
                    }
                },
                "responses": {
                    "201": {
                        "description": "bloco cadastrado com sucesso"
                    },
                    "412": {
                        "description": "Erro ao validar os dados"
                    },
                    "500": {
                        "description": "Erro no servidor"
                    }
                },
                "security": [
                    {
                        "bearerAuth": []
                    }
                ]
            }
        },
        "/api/predios/{predio}": {
            "get": {
                "tags": [
                    "/predios"
                ],
                "summary": "mostrar um predio",
                "operationId": "db6cd45c9e5711d9d73696ef2dd1a0bd",
                "parameters": [
                    {
                        "name": "predio",
                        "in": "path",
                        "description": "id do predio",
                        "required": false,
                        "schema": {
                            "type": "int"
                        }
                    }
                ],
                "responses": {
                    "200": {
                        "description": "sucesso"
                    },
                    "404": {
                        "description": "predio não encontrado"
                    },
                    "500": {
                        "description": "Erro no servidor"
                    }
                },
                "security": [
                    {
                        "bearerAuth": []
                    }
                ]
            },
            "put": {
                "tags": [
                    "/predios"
                ],
                "summary": "atualizar os dados de um predios",
                "operationId": "6fdcb1219d2e18883ad2a1e7c1059ecb",
                "parameters": [
                    {
                        "name": "predio",
                        "in": "path",
                        "description": "id da bloco",
                        "required": false,
                        "schema": {
                            "type": "int"
                        }
                    }
                ],
                "requestBody": {
                    "required": true,
                    "content": {
                        "application/json": {
                            "schema": {
                                "properties": {
                                    "c_descpredi": {
                                        "description": "denominação do Prédio",
                                        "type": "string"
                                    },
                                    "c_entrpredi": {
                                        "description": "Entrada do prédio",
                                        "type": "string"
                                    }
                                },
                                "type": "object"
                            }
                        }
                    }
                },
                "responses": {
                    "201": {
                        "description": "predio Atualizado com sucesso"
                    },
                    "412": {
                        "description": "Erro ao validar os dados"
                    },
                    "500": {
                        "description": "Erro no servidor"
                    }
                },
                "security": [
                    {
                        "bearerAuth": []
                    }
                ]
            },
            "delete": {
                "tags": [
                    "/predios"
                ],
                "summary": "apagar um predio",
                "operationId": "f64f25d3fb7795f4571b69c4e79a1003",
                "parameters": [
                    {
                        "name": "predio",
                        "in": "path",
                        "description": "id do predio",
                        "required": false,
                        "schema": {
                            "type": "int"
                        }
                    }
                ],
                "responses": {
                    "200": {
                        "description": "predio deletado com sucesso!"
                    },
                    "404": {
                        "description": "predio não encontrado"
                    },
                    "500": {
                        "description": "Erro no servidor"
                    }
                },
                "security": [
                    {
                        "bearerAuth": []
                    }
                ]
            }
        },
        "/api/taxas": {
            "get": {
                "tags": [
                    "/taxas"
                ],
                "summary": "listar taxas",
                "operationId": "c545976d151cf628a631bf21bcd0a630",
                "responses": {
                    "200": {
                        "description": "sucesso"
                    },
                    "500": {
                        "description": "Erro no servidor"
                    }
                },
                "security": [
                    {
                        "bearerAuth": []
                    }
                ]
            },
            "post": {
                "tags": [
                    "/taxas"
                ],
                "summary": "registrar taxa",
                "operationId": "2b99392547b0497501c2dbcb55bd4101",
                "requestBody": {
                    "required": true,
                    "content": {
                        "application/json": {
                            "schema": {
                                "required": [
                                    "c_desctaxa",
                                    "n_valotaxa",
                                    "n_permtaxa",
                                    "d_denvtaxa",
                                    "c_freqtaxa"
                                ],
                                "properties": {
                                    "c_desctaxa": {
                                        "description": "descricão da taxa",
                                        "type": "string"
                                    },
                                    "n_valotaxa": {
                                        "description": "valor da taxa",
                                        "type": "number",
                                        "format": "float"
                                    },
                                    "n_vmultaxa": {
                                        "description": "valor da multa",
                                        "type": "integer"
                                    },
                                    "n_permtaxa": {
                                        "description": "valor da multa, percentagem",
                                        "type": "number",
                                        "format": "float"
                                    },
                                    "d_denvtaxa": {
                                        "description": "data de início de envio da taxa",
                                        "type": "string",
                                        "format": "date"
                                    },
                                    "c_freqtaxa": {
                                        "description": "frequência de envio da taxa",
                                        "type": "string"
                                    },
                                    "n_praztaxa": {
                                        "description": "prazo em dias, para o pagamento da taxa",
                                        "type": "integer"
                                    },
                                    "n_codicoord": {
                                        "description": "id do coordenador do que criou a taxa",
                                        "type": "integer"
                                    }
                                },
                                "type": "object"
                            }
                        }
                    }
                },
                "responses": {
                    "201": {
                        "description": "taxa registrada com sucesso"
                    },
                    "412": {
                        "description": "Erro ao validar os dados"
                    },
                    "404": {
                        "description": "coordenador não encontrado"
                    },
                    "500": {
                        "description": "Erro no servidor"
                    }
                },
                "security": [
                    {
                        "bearerAuth": []
                    }
                ]
            }
        },
        "/api/taxas/{taxa}": {
            "get": {
                "tags": [
                    "/taxas"
                ],
                "summary": "mostrar um Taxa",
                "operationId": "37f65b249240225ccad63ca24d6bc9eb",
                "parameters": [
                    {
                        "name": "taxa",
                        "in": "path",
                        "description": "id do taxa",
                        "required": false,
                        "schema": {
                            "type": "int"
                        }
                    }
                ],
                "responses": {
                    "200": {
                        "description": "sucesso"
                    },
                    "404": {
                        "description": "Taxa não encontrado"
                    },
                    "500": {
                        "description": "Erro no servidor"
                    }
                },
                "security": [
                    {
                        "bearerAuth": []
                    }
                ]
            },
            "put": {
                "tags": [
                    "/taxas"
                ],
                "summary": "atualizar taxa",
                "operationId": "00779debabe2819bc419495c2db68a88",
                "parameters": [
                    {
                        "name": "taxa",
                        "in": "path",
                        "description": "id do taxa",
                        "required": false,
                        "schema": {
                            "type": "int"
                        }
                    }
                ],
                "requestBody": {
                    "required": true,
                    "content": {
                        "application/json": {
                            "schema": {
                                "properties": {
                                    "c_desctaxa": {
                                        "description": "descricão da taxa",
                                        "type": "string"
                                    },
                                    "n_valotaxa": {
                                        "description": "valor da taxa",
                                        "type": "number",
                                        "format": "float"
                                    },
                                    "n_vmultaxa": {
                                        "description": "valor da multa",
                                        "type": "integer"
                                    },
                                    "n_permtaxa": {
                                        "description": "valor da multa, percentagem",
                                        "type": "number",
                                        "format": "float"
                                    },
                                    "d_denvtaxa": {
                                        "description": "data de início de envio da taxa",
                                        "type": "string",
                                        "format": "date"
                                    },
                                    "c_freqtaxa": {
                                        "description": "frequência de envio da taxa",
                                        "type": "string"
                                    },
                                    "n_praztaxa": {
                                        "description": "prazo em dias, para o pagamento da taxa",
                                        "type": "integer"
                                    },
                                    "n_codicoord": {
                                        "description": "id do coordenador do que criou a taxa",
                                        "type": "integer"
                                    }
                                },
                                "type": "object"
                            }
                        }
                    }
                },
                "responses": {
                    "201": {
                        "description": "taxa registrada com sucesso"
                    },
                    "412": {
                        "description": "Erro ao validar os dados"
                    },
                    "404": {
                        "description": "coordenador não encontrado"
                    },
                    "500": {
                        "description": "Erro no servidor"
                    }
                },
                "security": [
                    {
                        "bearerAuth": []
                    }
                ]
            },
            "delete": {
                "tags": [
                    "/taxas"
                ],
                "summary": "deletar taxa",
                "operationId": "2ff5ccb36bc9e9d7876dff09e4c2f694",
                "parameters": [
                    {
                        "name": "taxa",
                        "in": "path",
                        "description": "id da taxa",
                        "required": false,
                        "schema": {
                            "type": "int"
                        }
                    }
                ],
                "responses": {
                    "200": {
                        "description": "taxa deletada com sucesso!"
                    },
                    "404": {
                        "description": "taxa não encontrada"
                    },
                    "500": {
                        "description": "Erro no servidor"
                    }
                },
                "security": [
                    {
                        "bearerAuth": []
                    }
                ]
            }
        },
        "/api/usuarios": {
            "post": {
                "tags": [
                    "/usuarios"
                ],
                "summary": "Cadastrar usuarios",
                "operationId": "1da7e6e615da8e74ebc71b7c7db95617",
                "requestBody": {
                    "required": true,
                    "content": {
                        "application/json": {
                            "schema": {
                                "properties": {
                                    "name": {
                                        "description": "denominação da centralidade",
                                        "type": "string",
                                        "default": "nome de adesão"
                                    },
                                    "email": {
                                        "description": "email válido",
                                        "type": "string"
                                    },
                                    "password": {
                                        "description": "denominação da centralidade",
                                        "type": "string",
                                        "default": "senha pessoal"
                                    }
                                },
                                "type": "object"
                            }
                        }
                    }
                },
                "responses": {
                    "201": {
                        "description": "usuario cadastrada successfully"
                    },
                    "412": {
                        "description": "Erro ao validar os dados"
                    },
                    "500": {
                        "description": "Validation errors"
                    }
                },
                "security": [
                    {
                        "bearerAuth": []
                    }
                ]
            }
        }
    },
    "components": {
        "securitySchemes": {
            "bearerAuth": {
                "type": "http",
                "bearerFormat": "JWT",
                "scheme": "bearer"
            }
        }
    }
}